{
    "code404":"404 - Página no encontrada.",
    "play": "Jugar",
    "clean": "Limpiar",
    "hold": "Conservar",
    "canvas": "Canvas",
    "card": "carta",
    "cards": "cartas",
    "filters": "filtros",
    "print": "Imprimir",
    "prod_or_serv": "Producto o Servicio",
    "prod_or_serv_err_b":"complete",
    "prod_or_serv_err_2":"este campo antes de continuar",
    "prod_or_serv_example":"Ej: vestimenta",
    "must_select": "Debes seleccionar al menos una carta de cada color",
    "have_selected": "Has seleccionado",
    "what": "Qué?",
    "who": "Quién?",
    "how": "Cómo?",
    "howmuch": "Cunánto?",
    "back": "volver",
    "ok": "ok",
    "and": "y",
    "elev_pitch":"Elevator Pitch",
    "sidemenu_buy": "Comprar",
    "sidemenu_home": "Inicio",
    "sidemenu_cards": "Cartas",
    "sidemenu_about": "Sobre Pivot",
    "topmenu_buy": "Comprar",
    "topmenu_home": "Inicio",
    "topmenu_cards": "Cartas",
    "topmenu_dins": "Dinámicas",
    "topmenu_lang": "Idioma",
    "topmenu_about": "Sobre Pivot",
    "menu_din_1": "1 - Selección manual",
    "menu_din_2": "2 - Selección por filtros",
    "menu_din_3": "3 - ¡Probá suerte!",
    "home_h_1": "KIT para emprender",
    "home_h_2": "70 Modelos de negocio explicados y combinables",
    "home_h_3_": "Te ofrecemos explorar tres dinámicas posibles con nuestra",
    "home_h_3_b": "herramienta interactiva online",
    "home_h_4_": "Si estás interesado en una experiencia más completa y con la posibilidad de aplicar más dinámicas (incluso en forma grupal), se encuentra disponible el ",
    "home_h_4_b": "Kit físico",
    "home_h_4_2": "en nuestra",
    "home_h_4_link": "tienda online",
    "home_b_1_1": "Completá aquí el Producto o Servicio que piensas ofrecer",
    "home_b_1_2": "(por ejemplo: vestimenta, alojamiento, gastronomía, software)",
    "home_f_din_1":"Dinámica 1",
    "home_f_tit_1":"Selección manual",
    "home_f_desc_1":"Elegí los modelos y combinalos libremente",
    "home_f_din_2":"Dinámica 2",
    "home_f_tit_2":"Selección por filtros",
    "home_f_desc_2":"Te ayudamos en la primera elección",
    "home_f_din_3":"Dinámica 3",
    "home_f_tit_3":"¡Probá suerte!",
    "home_f_desc_3":"Descubrí innovadoras combinaciones",
    "slots_h_1": "Dinámica de Tragamonedas",
    "slots_h_2": "En esta propuesta te invitamos a jugar con tu suerte para crear un modelo de negocio innovador relacionado con",
    "slots_h_3_": "Para jugar debes hacer",
    "slots_h_3_b": "click sobre el botón 'Jugar'",
    "slots_h_3_2": "y espera a lo que te depare la suerte en esta mecánica que imita las máquinas tragamonedas",
    "selec_h_1": "Dinámica de Selección",
    "selec_h_2": "En esta propuesta te invitamos a buscar libremente entre las cartas disponibles y elegir un subconjunto para trabajar con ellas posteriormente sobre el canvas para crear un modelo de negocio innovador relacionado con",
    "selec_h_3_": "Para seleccionar o deseleccionar debes hacer",
    "selec_h_3_b": "click sobre las cartas",
    "selec_h_3_2": "mientras que los botones",
    "selec_h_3_3": "te permitirán rotar las cartas disponibles",
    "cards_h_1": "Nuestras cartas",
    "cards_h_2": "Te invitamos a que conozcas nuestras cartas, con las que además te invitamos a participar de algunas de las dinámicas que tenemos para construir modelos denegocios innovadores",
    "cards_h_3_1":"Podrás deslizar las cartas para verlas o podrás hacer",
    "cards_h_3_b":"click sobre alguno de los botones",
    "cards_h_3_2":"para filtrarlas según el",
    "cards_h_3_b2":"color",
    "cards_b_1":"Ver todas las cartas",
    "canvas_h_1": "Canvas",
    "canvas_h_2_1":"Las",
    "canvas_h_2_b":"cartas",
    "canvas_h_2_2":"que se encuentren",
    "canvas_h_2_b2":"sobre el canvas",
    "canvas_h_2_3":"definirán un nuevo modelo de negocio",
    "canvas_h_3_1":"Puedes hacer",
    "canvas_h_3_b":"click sobre el las cartas",
    "canvas_h_3_2":"para ponerlas o secarlas del canvas",
    "canvas_h_4_1":"Puedes hacer",
    "canvas_h_4_b":"click sobre el texto del pitch",
    "canvas_h_4_2":"si quieres modificarlo",
    "canvas_op_1":"cartas superpuestas",
    "canvas_op_2":"ampliar cartas",
    "canvas_op_3":"ver descripción en las cartas",
    "canvas_op_4":"canvas completo",
    "filt_h_1": "Dinámica de Flitros",
    "filt_h_2": "En esta propuesta podrás filtrar las cartas según unos criterios que hemos preparado para y así conseguir un subconjunto de cartas que mejor se adapten a tu negocio, con las que ṕodrás trabajar posteriormente sobre el canvas para crear un modelo de negocio innovador relacionado con",
    "filt_h_3_b": "Cambia las opciones del formulario",
    "filt_h_3_1": "para aplicar diferentes",
    "filt_h_3_2": "sobre las cartas",

    "filters_q1": "Mi negocio apuntará mayormente a venderle a",
    "filters_q1_op1": "Personas y hogares",
    "filters_q1_op2": "Empresas e instituciones",
    "filters_q2": "Mi negocio se orientará a ofrecer principalmente",
    "filters_q2_op1": "Productos",
    "filters_q2_op2": "Servicios",
    "filters_q3": "Mi negocio se podría enmarcar en una de las siguientes industrias, sectores o ramas de actividad",
    "filters_q3_op1": "TICs",
    "filters_q3_op2": "Agro",
    "filters_q3_op3": "Turismo",
    "filters_q3_op4": "Comercio",
    "filters_q3_op5": "Biotecnología",
    "filters_q3_op6": "Industria Manufacturera",
    "filters_q3_op7": "Industria Creativa",
    "filters_q3_op8": "Servicios Financieros",
    "filters_q3_op9": "Gastronomía",
    "filters_q3_op10": "Transporte",
    "filters_q3_op11": "Servicios Personales",
    "filters_q4": "Prefiero modelos con un costo de implementación (inversión necesaria y costos operativos)",
    "filters_q4_op1": "Elevado",
    "filters_q4_op2": "Medio",
    "filters_q4_op3": "Bajo",
    "pitch_part_1":"Mi proyecto consiste en un negocio de",
    "pitch_part_2":"ofrecida",
    "pitch_part_3":"mediante",
    "pitch_part_4":"que monetice por",
    "pitch_tooltip":"click para editar el texto",
    


    "card_name_1":"Marketplace",
    "card_prev_1":"a través de un",
    "card_post_1":"",
    "card_desc_1":"Ofrece un espacio de encuentro (físico o virtual) que facilite las transacciones entre oferentes y demandantes.",    
    "card_name_2":"Plataforma Multilateral",
    "card_prev_2":"a través de una",
    "card_post_2":"",
    "card_desc_2":"Atrae y facilita las interacciones entre al menos 2 grupos interdependientes de clientes o usuarios.",    
    "card_name_3":"Mayorista",
    "card_prev_3":"de manera",
    "card_post_3":"",
    "card_desc_3":"Venta en grandes cantidades (al mayoreo), generalmente a clientes corporativos o a otros revendedores.",    
    "card_name_4":"Minorista",
    "card_prev_4":"de manera",
    "card_post_4":"",
    "card_desc_4":"Intermediario entre productor y consumidor final que se caracteriza por vender al por menor a personas y hogares.",    
    "card_name_5":"Cola larga del mercado",
    "card_prev_5":"a la",
    "card_post_5":"",
    "card_desc_5":"Centra el foco en vender un número mayor de productos, con menor volumen de ventas, a un creciente número de compradores que prefieren productos o servicios de nicho.",    
    "card_name_6":"Base de la pirámide",
    "card_prev_6":"a la",
    "card_post_6":"",
    "card_desc_6":"A través de este modelo, la idea es integrar a las personas de menores ingresos en los procesos de las empresas, ya sea como clientes, proveedores, o distribuidores.",    
    "card_name_7":"Entre pares (P2P)",
    "card_prev_7":"",
    "card_post_7":"",
    "card_desc_7":"Surge bajo la lógica de la economía colaborativa y se basa en el concepto de compartir contenidos, servicios o valor entre pares.",    
    "card_name_8":"Crowdfunding",
    "card_prev_8":"en modalidad de",
    "card_post_8":"",
    "card_desc_8":"Modelo que permite la financiación de proyectos a través de microcontribuciones económicas brindadas por grandes masas de individuos.",    
    "card_name_9":"Crowdsourcing",
    "card_prev_9":"en modalidad de",
    "card_post_9":"",
    "card_desc_9":"Modelo donde se involucra a la comunidad en la creación de valor.",    
    "card_name_10":"Co-diseño",
    "card_prev_10":"en modalidad de",
    "card_post_10":"",
    "card_desc_10":"Modelo en el cual la empresa proveedora y los clientes trabajan en conjunto para lograr el mejor producto que sirva a los intereses compartidos.",    
    "card_name_11":"Hágalo Usted mismo",
    "card_prev_11":"incentivando el",
    "card_post_11":"",
    "card_desc_11":"Consiste en vender productos o servicios, como parte de proyectos que puedan ser completados por el propio consumidor, ahorrándole dinero al hacerlo ellos mismos.",    
    "card_name_12":"Marca blanca",
    "card_prev_12":"como",
    "card_post_12":"",
    "card_desc_12":"Modelo en el que un producto o servicio es vendido sin marca a otras empresas que agregan su marca y lo venden como propio al consumidor final.",    
    "card_name_13":"Premium",
    "card_prev_13":"al mercado",
    "card_post_13":"",
    "card_desc_13":"Ofrecer productos o servicios de alta gama para un público que valora atributos diferenciales o gozar de un determinado status por adquirirlos.",    
    "card_name_14":"Edición limitada",
    "card_prev_14":"como",
    "card_post_14":"",
    "card_desc_14":"Crear una oferta limitada que nunca aumenta para satisfacer la demanda, de manera de volverla más valiosa y exclusiva.",    
    "card_name_15":"Clubes de compra",
    "card_prev_15":"mediante la conformación de",
    "card_post_15":"",
    "card_desc_15":"Plataformas que canalizan ofertas agregadas a los particulares, quienes acceden a descuentos significativos, si cumplen determinadas condiciones.",    
    "card_name_16":"Second hand (usados)",
    "card_prev_16":"al mercado de",
    "card_post_16":"",
    "card_desc_16":"Ofrecer artículos que han sido usados por dueños anteriores.",    
    "card_name_17":"Red social",
    "card_prev_17":"mediante la conformación de una",
    "card_post_17":"",
    "card_desc_17":"Consiste en crear un ámbito virtual favorable para que las personas creen y compartan contenidos, propiciando el intercambio y la participación asidua",    
    "card_name_18":"Carnada y anzuelo",
    "card_prev_18":"bajo un modelo de",
    "card_post_18":"",
    "card_desc_18":"Consiste en vender un producto principal a un margen reducido (carnada) y la venta de insumos (consumibles) necesarios para su funcionamiento, a un precio elevado.",    
    "card_name_19":"Consultoría",
    "card_prev_19":"bajo un modelo de",
    "card_post_19":"",
    "card_desc_19":"Servicio de asesoramiento a empresas o instituciones por contar con un conocimiento calificado y específico en una área determinada.",    
    "card_name_20":"Inteligencia de negocios",
    "card_prev_20":"proveyendo",
    "card_post_20":"",
    "card_desc_20":"Consiste en vender las herramientas, sistemas y procesos de análisis de datos; o la información que surge de los anteriores para la mejor toma de decisiones.",    
    "card_name_21":"Data como servicio",
    "card_prev_21":"proveyendo",
    "card_post_21":"",
    "card_desc_21":"Valor mediante la recopilación de datos de los clientes y su preparación de manera beneficiosa (analítica y filtrado) para uso interno o para terceros interesados.",    
    "card_name_22":"Servitización",
    "card_prev_22":"basado en la",
    "card_post_22":"",
    "card_desc_22":"Consiste en vender la función del producto, en lugar del producto en sí mismo (pago por uso vs. ser dueño del producto).",    
    "card_name_23":"Open Source",
    "card_prev_23":"bajo un modelo",
    "card_post_23":"",
    "card_desc_23":"Modelo de 'código abierto' que permite que cualquiera utilice, distribuya y modifique la propiedad intelectual o código original del producto, para volverlo a ofrecer en el mercado.",    
    "card_name_24":"Curaduría",
    "card_prev_24":"bajo un modelo de",
    "card_post_24":"",
    "card_desc_24":"Seleccionar (filtrar), categorizar y poner a disposición una oferta 'curada' de productos o contenidos para un público con poco tiempo e interés de hacerlo por sí mismo.",    
    "card_name_25":"Clasificados",
    "card_prev_25":"bajo un modelo de",
    "card_post_25":"",
    "card_desc_25":"Venta de espacios para la publicación de avisos o directorios pero donde la transacción se realiza por fuera de la plataforma o medio de publicación.",    
    "card_name_26":"Agregador",
    "card_prev_26":"bajo un modelo de",
    "card_post_26":"",
    "card_desc_26":"Compilar la oferta de diferentes fuentes en un mismo lugar, con el objetivo de reducirle tiempo y esfuerzo al usuario.",    
    "card_name_27":"Combos",
    "card_prev_27":"agrupada en",
    "card_post_27":"",
    "card_desc_27":"Consiste en unir productos o servicios para venderlos como una sola unidad combinada, generalmente a menor precio.",    
    "card_name_28":"Delivery (última milla)",
    "card_prev_28":"bajo un modelo de",
    "card_post_28":"",
    "card_desc_28":"Resolver el viaje del producto entre partes actuantes.",    
    "card_name_29":"Diseño de autor",
    "card_prev_29":"de",
    "card_post_29":"",
    "card_desc_29":"Ofrecer productos basados en un estilo propio, la inspiración e identidad de un diseñador a un público que aprecia aquello distintivo.",    
    "card_name_30":"Customización",
    "card_prev_30":"con",
    "card_post_30":"",
    "card_desc_30":"Modelo en el cual se ofrecen productos o servicios a medida según las características del consumidor.",    
    "card_name_31":"Creación de contenidos",
    "card_prev_31":"bajo un modelo de",
    "card_post_31":"",
    "card_desc_31":"Creación de textos, imágenes, videos, audios, infografías, etc, como producto en sí mismo, o como servicio para que conduzca tráfico y atraigan a potenciales clientes",    
    "card_name_32":"Reciclaje",
    "card_prev_32":"basado en el",
    "card_post_32":"",
    "card_desc_32":"Modelo que funda sus pilares en el uso de desechos o subproductos para incorporarlos en un mismo u otro proceso productivo, generando una economía circular.",    
    "card_name_33":"Revalorización",
    "card_prev_33":"basado en la",
    "card_post_33":"",
    "card_desc_33":"Transformación creativa de productos para crear otros bienes de consumo con mayor valor al del material original (sin perder la identidad que el objeto tenía antes de su nueva función).",    
    "card_name_34":"Rediseño",
    "card_prev_34":"basado en el",
    "card_post_34":"",
    "card_desc_34":"Modelo de la economía circular donde se diseñan productos, procesos y servicios, poniendo especial énfasis en la optimización de los recursos utilizados y en la minimización de residuos.",    
    "card_name_35":"Ventanilla única",
    "card_prev_35":"bajo un modelo de",
    "card_post_35":"",
    "card_desc_35":"Ofrecer la conveniencia de encontrar múltiples productos, servicios, o información, en un solo lugar, evitando al consumidor tener que recurrir a diferentes lugares, lo que le ahorra tiempo y esfuerzo.",    
    "card_name_36":"Desintermediación",
    "card_prev_36":"procesos de",
    "card_post_36":"",
    "card_desc_36":"Brindar soluciones que logran acercar la oferta y la demanda en mercados donde intervienen demasiados actores.",    
    "card_name_37":"Intermediación",
    "card_prev_37":"procesos de",
    "card_post_37":"",
    "card_desc_37":"Actividad que una persona u organización realiza para atraer y mantener clientes o aportar valor a lo largo de una cadena de provisión, producción o distribución.",    
    "card_name_38":"Tercerización",
    "card_prev_38":"procesos de",
    "card_post_38":"",
    "card_desc_38":"Se basa en el cumplimiento de tareas especializadas por parte de una empresa, para otras empresas que deciden tercerizarlas.",    
    "card_name_39":"Consignación",
    "card_prev_39":"procesos de",
    "card_post_39":"",
    "card_desc_39":"Modelo que evita el costo de compra de mercadería y la inmovilización de capital asociado al mantenimiento de stock, incorporando productos de múltiples vendedores a su punto de venta, a cambio de una comisión.",    
    "card_name_40":"Autoservicio",
    "card_prev_40":"procesos de",
    "card_post_40":"",
    "card_desc_40":"Modelo de negocio en el cual el cliente final se provee por sí mismo el producto o servicio ofrecido, realizando todos los pasos necesarios para efectuar la compra.",    
    "card_name_41":"Automatización",
    "card_prev_41":"procesos de",
    "card_post_41":"",
    "card_desc_41":"Modelo de negocio en el cual se transfieren tareas habitualmente realizadas por humanos a computadoras y/o algoritmos.",    
    "card_name_42":"Fraccionamiento",
    "card_prev_42":"procesos de",
    "card_post_42":"",
    "card_desc_42":"Consiste en llevar determinados productos desde la escala industrial (o mayorista) a la escala de consumo (o minorista).",    
    "card_name_43":"e-commerce",
    "card_prev_43":"un",
    "card_post_43":"",
    "card_desc_43":"La venta de productos o servicios a través de canales online eliminando costos asociados a una infraestructura física de locales o sucursales",    
    "card_name_44":"Triangulación (dropshipping)",
    "card_prev_44":"procesos de",
    "card_post_44":"",
    "card_desc_44":"Consiste en vender productos, sin contar con un inventario, intermediando entre productor y consumidor.",    
    "card_name_45":"Tienda en tienda",
    "card_prev_45":"la creación de una",
    "card_post_45":"",
    "card_desc_45":"Modelo de venta minorista donde el propietario de una marca ocupa un espacio en la tienda de otro minorista que lo habilita a mostrar y ofrecer sus productos de manera independiente.",    
    "card_name_46":"On demand",
    "card_prev_46":"un servicio",
    "card_post_46":"",
    "card_desc_46":"Este modelo se basa en la provisión de productos y servicios a demanda del consumidor, en un tiempo inmediato o relativamente corto.",    
    "card_name_47":"Franquicia",
    "card_prev_47":"la creación de una",
    "card_post_47":"",
    "card_desc_47":"Replicar un modelo de negocio exitoso a partir de la estandarización de procesos y una propuesta de valor validada",    
    "card_name_48":"Marketing multinivel",
    "card_prev_48":"un sistema de",
    "card_post_48":"",
    "card_desc_48":"Sistema de venta directa que se basa en la comercialización de productos de alguna marca, a través de una red de vendedores y distribuidores independientes, jerarquizados en niveles.",    
    "card_name_49":"Programa de afiliados",
    "card_prev_49":"la creación de un",
    "card_post_49":"",
    "card_desc_49":"Establece algún tipo de comisión o recompensa para los proveedores, empresas o personas que atraigan potenciales clientes o pedidos para su oferta o local de ventas.",    
    "card_name_50":"Software como servicio",
    "card_prev_50":"la modalidad de",
    "card_post_50":"",
    "card_desc_50":"Modelo basado en la 'nube' (internet) que consiste en alquilar el uso de un software, en lugar de vender licencias.",    
    "card_name_51":"Basado en la nube",
    "card_prev_51":"un servicio",
    "card_post_51":"",
    "card_desc_51":"Modelo basado en infraestructura de internet para ofrecer software, plataformas, almacenamiento y otros servicios de acceso remoto, evitando la necesidad de invertir en capacidades propias.",    
    "card_name_52":"Servicio a producto",
    "card_prev_52":"la transformación de",
    "card_post_52":"",
    "card_desc_52":"Es adoptado por empresas proveedoras de servicios que ofrecen paquetes predeterminados (en términos de alcance, precio y plazos), reemplazando a los servicios customizados.",    
    "card_name_53":"Comisión por ventas",
    "card_prev_53":"la",
    "card_post_53":"",
    "card_desc_53":"Cobrar una participación en las ventas (generalmente un %) para recompensar los esfuerzos de ayudar a vender o anunciar un producto o servicio.",    
    "card_name_54":"Reventa",
    "card_prev_54":"la",
    "card_post_54":"",
    "card_desc_54":"Modelo consistente en la compra temporal de bienes para ser revendidos a un precio mayor.",    
    "card_name_55":"Alquiler",
    "card_prev_55":"acuerdos de",
    "card_post_55":"",
    "card_desc_55":"Adquirir o crear productos para arrendarlos por tiempo u ocasiones de uso, en lugar de venderlos.",    
    "card_name_56":"Licenciamiento",
    "card_prev_56":"un sistema de",
    "card_post_56":"",
    "card_desc_56":"Relación comercial mediante contrato, a través del cual se otorga permiso para explotar la imagen de marca o un diseño determinado a cambio de royalties (regalías).",    
    "card_name_57":"Suscripción",
    "card_prev_57":"un sistema de",
    "card_post_57":"",
    "card_desc_57":"Consiste en el cobro de un precio recurrente de suscripción, a cambio de recibir o tener acceso a determinado producto o servicio.",    
    "card_name_58":"Membresía",
    "card_prev_58":"un sistema de",
    "card_post_58":"",
    "card_desc_58":"Similar al modelo de suscripción, el modelo de membresía apunta también a la permanencia del miembro en adhesión a un sistema, comunidad o club.",    
    "card_name_59":"Subasta",
    "card_prev_59":"un sistema de",
    "card_post_59":"",
    "card_desc_59":"Consiste en ofrecer la venta de un bien al comprador que esté dispuesto a pagar la mayor cantidad de dinero a cambio del producto ('mejor postor')",    
    "card_name_60":"Trueque",
    "card_prev_60":"intercambios mediante",
    "card_post_60":"",
    "card_desc_60":"Probablemente el modelo de negocios más antiguo de la humanidad, surge ante la necesidad de tener acceso a bienes y servicios que no están al alcance, ofreciendo a cambio aquellos que sí lo estan.",    
    "card_name_61":"Gratis",
    "card_prev_61":"transacciones",
    "card_post_61":"",
    "card_desc_61":"Modelo que ofrece valor de manera gratuita a un determinado segmento de usuarios, y que se suele financiar por otras formas de monetización alternativas al valor aportado.",    
    "card_name_62":"Freemium",
    "card_prev_62":"un sistema",
    "card_post_62":"",
    "card_desc_62":"Modelo mayormente utilizado en productos tecnológicos donde es posible agrupar funcionalidades básicas (dadas gratis) y cobrar por las avanzadas.",    
    "card_name_63":"Donaciones",
    "card_prev_63":"la captación de",
    "card_post_63":"",
    "card_desc_63":"Se caracteriza por recibir contribuciones voluntarias por ofrecer una solución social o ambiental que es trascendente (en forma directa o no) para el o los donantes.",    
    "card_name_64":"Tarifa plana",
    "card_prev_64":"un sistema de",
    "card_post_64":"",
    "card_desc_64":"Refiere a una estrategia de precios donde se cobra una tarifa fija o plana por un producto o servicio, independientemente de su uso, materiales, u horas de trabajo necesarias.",    
    "card_name_65":"Publicidad",
    "card_prev_65":"la venta de",
    "card_post_65":"",
    "card_desc_65":"Generar ingresos por la venta de espacios publicitarios a diferentes anunciantes.",    
    "card_name_66":"Bajo precio",
    "card_prev_66":"transacciones de",
    "card_post_66":"",
    "card_desc_66":"Estrategia de precios basada en un negocio de volumen, donde se busca una pequeña ganancia por producto individual pero beneficiada por una gran cantidad de unidades vendidas y alta rotación del inventario.",    
    "card_name_67":"Microtransacciones",
    "card_prev_67":"múltiples",
    "card_post_67":"",
    "card_desc_67":"Modelo de negocio fuertemente asociado a los juegos y aplicaciones en el que los usuarios pueden comprar productos virtuales a través de micropagos, proporcionando una fuente de ingresos para los desarrolladores.",    
    "card_name_68":"Basado en performance",
    "card_prev_68":"un sistema",
    "card_post_68":"",
    "card_desc_68":"Consiste en la prestación de servicios cuya generación de ingresos está condicionada a un resultado determinado a ser logrado.",    
    "card_name_69":"Pago por uso",
    "card_prev_69":"un sistema de",
    "card_post_69":"",
    "card_desc_69":"Cobrar a los clientes en base a la cantidad de servicio que utilizan, medida sea en tiempo o en volumen consumido.",    
    "card_name_70":"Arbitraje",
    "card_prev_70":"diferencias de",
    "card_post_70":"",
    "card_desc_70":"Práctica de tomar ventaja de una diferencia de precio entre dos o más mercados, convirtiéndolo en una ganancia para quien logre concretar los acuerdos."    
}
