[
    {
        "color":"blue",
        "card":"1",
        "deck":"1",
        "name":"card_name_1",
        "prev":"card_prev_1",
        "post":"card_post_1",
        "desc":"card_desc_1"
    },
    {
        "color":"blue",
        "card":"2",
        "deck":"1",
        "name":"card_name_2",
        "prev":"card_prev_2",
        "post":"card_post_2",
        "desc":"card_desc_2"
    },
    {
        "color":"blue",
        "card":"3",
        "deck":"1",
        "name":"card_name_3",
        "prev":"card_prev_3",
        "post":"card_post_3",
        "desc":"card_desc_3"
    },
    {
        "color":"blue",
        "card":"4",
        "deck":"1",
        "name":"card_name_4",
        "prev":"card_prev_4",
        "post":"card_post_4",
        "desc":"card_desc_4"
    },
    {
        "color":"blue",
        "card":"5",
        "deck":"1",
        "name":"card_name_5",
        "prev":"card_prev_5",
        "post":"card_post_5",
        "desc":"card_desc_5"
    },
    {
        "color":"blue",
        "card":"6",
        "deck":"1",
        "name":"card_name_6",
        "prev":"card_prev_6",
        "post":"card_post_6",
        "desc":"card_desc_6"
    },
    {
        "color":"blue",
        "card":"7",
        "deck":"1",
        "name":"card_name_7",
        "prev":"card_prev_7",
        "post":"card_post_7",
        "desc":"card_desc_7"
    },
    {
        "color":"blue",
        "card":"8",
        "deck":"1",
        "name":"card_name_8",
        "prev":"card_prev_8",
        "post":"card_post_8",
        "desc":"card_desc_8"
    },
    {
        "color":"blue",
        "card":"9",
        "deck":"1",
        "name":"card_name_9",
        "prev":"card_prev_9",
        "post":"card_post_9",
        "desc":"card_desc_9"
    },
    {
        "color":"blue",
        "card":"10",
        "deck":"1",
        "name":"card_name_10",
        "prev":"card_prev_10",
        "post":"card_post_10",
        "desc":"card_desc_10"
    },
    {
        "color":"blue",
        "card":"11",
        "deck":"1",
        "name":"card_name_11",
        "prev":"card_prev_11",
        "post":"card_post_11",
        "desc":"card_desc_11"
    },
    {
        "color":"blue",
        "card":"12",
        "deck":"1",
        "name":"card_name_12",
        "prev":"card_prev_12",
        "post":"card_post_12",
        "desc":"card_desc_12"
    },
    {
        "color":"blue",
        "card":"13",
        "deck":"1",
        "name":"card_name_13",
        "prev":"card_prev_13",
        "post":"card_post_13",
        "desc":"card_desc_13"
    },
    {
        "color":"blue",
        "card":"14",
        "deck":"1",
        "name":"card_name_14",
        "prev":"card_prev_14",
        "post":"card_post_14",
        "desc":"card_desc_14"
    },
    {
        "color":"blue",
        "card":"15",
        "deck":"1",
        "name":"card_name_15",
        "prev":"card_prev_15",
        "post":"card_post_15",
        "desc":"card_desc_15"
    },
    {
        "color":"blue",
        "card":"16",
        "deck":"1",
        "name":"card_name_16",
        "prev":"card_prev_16",
        "post":"card_post_16",
        "desc":"card_desc_16"
    },
    {
        "color":"blue",
        "card":"17",
        "deck":"1",
        "name":"card_name_17",
        "prev":"card_prev_17",
        "post":"card_post_17",
        "desc":"card_desc_17"
    },
    {
        "color":"red",
        "card":"18",
        "deck":"1",
        "name":"card_name_18",
        "prev":"card_prev_18",
        "post":"card_post_18",
        "desc":"card_desc_18"
    },
    {
        "color":"red",
        "card":"19",
        "deck":"1",
        "name":"card_name_19",
        "prev":"card_prev_19",
        "post":"card_post_19",
        "desc":"card_desc_19"
    },
    {
        "color":"red",
        "card":"20",
        "deck":"1",
        "name":"card_name_20",
        "prev":"card_prev_20",
        "post":"card_post_20",
        "desc":"card_desc_20"
    },
    {
        "color":"red",
        "card":"21",
        "deck":"1",
        "name":"card_name_21",
        "prev":"card_prev_21",
        "post":"card_post_21",
        "desc":"card_desc_21"
    },
    {
        "color":"red",
        "card":"22",
        "deck":"1",
        "name":"card_name_22",
        "prev":"card_prev_22",
        "post":"card_post_22",
        "desc":"card_desc_22"
    },
    {
        "color":"red",
        "card":"23",
        "deck":"1",
        "name":"card_name_23",
        "prev":"card_prev_23",
        "post":"card_post_23",
        "desc":"card_desc_23"
    },
    {
        "color":"red",
        "card":"24",
        "deck":"1",
        "name":"card_name_24",
        "prev":"card_prev_24",
        "post":"card_post_24",
        "desc":"card_desc_24"
    },
    {
        "color":"red",
        "card":"25",
        "deck":"1",
        "name":"card_name_25",
        "prev":"card_prev_25",
        "post":"card_post_25",
        "desc":"card_desc_25"
    },
    {
        "color":"red",
        "card":"26",
        "deck":"1",
        "name":"card_name_26",
        "prev":"card_prev_26",
        "post":"card_post_26",
        "desc":"card_desc_26"
    },
    {
        "color":"red",
        "card":"27",
        "deck":"1",
        "name":"card_name_27",
        "prev":"card_prev_27",
        "post":"card_post_27",
        "desc":"card_desc_27"
    },
    {
        "color":"red",
        "card":"28",
        "deck":"1",
        "name":"card_name_28",
        "prev":"card_prev_28",
        "post":"card_post_28",
        "desc":"card_desc_28"
    },
    {
        "color":"red",
        "card":"29",
        "deck":"1",
        "name":"card_name_29",
        "prev":"card_prev_29",
        "post":"card_post_29",
        "desc":"card_desc_29"
    },
    {
        "color":"red",
        "card":"30",
        "deck":"1",
        "name":"card_name_30",
        "prev":"card_prev_30",
        "post":"card_post_30",
        "desc":"card_desc_30"
    },
    {
        "color":"red",
        "card":"31",
        "deck":"1",
        "name":"card_name_31",
        "prev":"card_prev_31",
        "post":"card_post_31",
        "desc":"card_desc_31"
    },
    {
        "color":"red",
        "card":"32",
        "deck":"1",
        "name":"card_name_32",
        "prev":"card_prev_32",
        "post":"card_post_32",
        "desc":"card_desc_32"
    },
    {
        "color":"red",
        "card":"33",
        "deck":"1",
        "name":"card_name_33",
        "prev":"card_prev_33",
        "post":"card_post_33",
        "desc":"card_desc_33"
    },
    {
        "color":"red",
        "card":"34",
        "deck":"1",
        "name":"card_name_34",
        "prev":"card_prev_34",
        "post":"card_post_34",
        "desc":"card_desc_34"
    },
    {
        "color":"red",
        "card":"35",
        "deck":"1",
        "name":"card_name_35",
        "prev":"card_prev_35",
        "post":"card_post_35",
        "desc":"card_desc_35"
    },
    {
        "color":"green",
        "card":"36",
        "deck":"1",
        "name":"card_name_36",
        "prev":"card_prev_36",
        "post":"card_post_36",
        "desc":"card_desc_36"
    },
    {
        "color":"green",
        "card":"37",
        "deck":"1",
        "name":"card_name_37",
        "prev":"card_prev_37",
        "post":"card_post_37",
        "desc":"card_desc_37"
    },
    {
        "color":"green",
        "card":"38",
        "deck":"1",
        "name":"card_name_38",
        "prev":"card_prev_38",
        "post":"card_post_38",
        "desc":"card_desc_38"
    },
    {
        "color":"green",
        "card":"39",
        "deck":"1",
        "name":"card_name_39",
        "prev":"card_prev_39",
        "post":"card_post_39",
        "desc":"card_desc_39"
    },
    {
        "color":"green",
        "card":"40",
        "deck":"1",
        "name":"card_name_40",
        "prev":"card_prev_40",
        "post":"card_post_40",
        "desc":"card_desc_40"
    },
    {
        "color":"green",
        "card":"41",
        "deck":"1",
        "name":"card_name_41",
        "prev":"card_prev_41",
        "post":"card_post_41",
        "desc":"card_desc_41"
    },
    {
        "color":"green",
        "card":"42",
        "deck":"1",
        "name":"card_name_42",
        "prev":"card_prev_42",
        "post":"card_post_42",
        "desc":"card_desc_42"
    },
    {
        "color":"green",
        "card":"43",
        "deck":"1",
        "name":"card_name_43",
        "prev":"card_prev_43",
        "post":"card_post_43",
        "desc":"card_desc_43"
    },
    {
        "color":"green",
        "card":"44",
        "deck":"1",
        "name":"card_name_44",
        "prev":"card_prev_44",
        "post":"card_post_44",
        "desc":"card_desc_44"
    },
    {
        "color":"green",
        "card":"45",
        "deck":"1",
        "name":"card_name_45",
        "prev":"card_prev_45",
        "post":"card_post_45",
        "desc":"card_desc_45"
    },
    {
        "color":"green",
        "card":"46",
        "deck":"1",
        "name":"card_name_46",
        "prev":"card_prev_46",
        "post":"card_post_46",
        "desc":"card_desc_46"
    },
    {
        "color":"green",
        "card":"47",
        "deck":"1",
        "name":"card_name_47",
        "prev":"card_prev_47",
        "post":"card_post_47",
        "desc":"card_desc_47"
    },
    {
        "color":"green",
        "card":"48",
        "deck":"1",
        "name":"card_name_48",
        "prev":"card_prev_48",
        "post":"card_post_48",
        "desc":"card_desc_48"
    },
    {
        "color":"green",
        "card":"49",
        "deck":"1",
        "name":"card_name_49",
        "prev":"card_prev_49",
        "post":"card_post_49",
        "desc":"card_desc_49"
    },
    {
        "color":"green",
        "card":"50",
        "deck":"1",
        "name":"card_name_50",
        "prev":"card_prev_50",
        "post":"card_post_50",
        "desc":"card_desc_50"
    },
    {
        "color":"green",
        "card":"51",
        "deck":"1",
        "name":"card_name_51",
        "prev":"card_prev_51",
        "post":"card_post_51",
        "desc":"card_desc_51"
    },
    {
        "color":"green",
        "card":"52",
        "deck":"1",
        "name":"card_name_52",
        "prev":"card_prev_52",
        "post":"card_post_52",
        "desc":"card_desc_52"
    },
    {
        "color":"yellow",
        "card":"53",
        "deck":"1",
        "name":"card_name_53",
        "prev":"card_prev_53",
        "post":"card_post_53",
        "desc":"card_desc_53"
    },
    {
        "color":"yellow",
        "card":"54",
        "deck":"1",
        "name":"card_name_54",
        "prev":"card_prev_54",
        "post":"card_post_54",
        "desc":"card_desc_54"
    },
    {
        "color":"yellow",
        "card":"55",
        "deck":"1",
        "name":"card_name_55",
        "prev":"card_prev_55",
        "post":"card_post_55",
        "desc":"card_desc_55"
    },
    {
        "color":"yellow",
        "card":"56",
        "deck":"1",
        "name":"card_name_56",
        "prev":"card_prev_56",
        "post":"card_post_56",
        "desc":"card_desc_56"
    },
    {
        "color":"yellow",
        "card":"57",
        "deck":"1",
        "name":"card_name_57",
        "prev":"card_prev_57",
        "post":"card_post_57",
        "desc":"card_desc_57"
    },
    {
        "color":"yellow",
        "card":"58",
        "deck":"1",
        "name":"card_name_58",
        "prev":"card_prev_58",
        "post":"card_post_58",
        "desc":"card_desc_58"
    },
    {
        "color":"yellow",
        "card":"59",
        "deck":"1",
        "name":"card_name_59",
        "prev":"card_prev_59",
        "post":"card_post_59",
        "desc":"card_desc_59"
    },
    {
        "color":"yellow",
        "card":"60",
        "deck":"1",
        "name":"card_name_60",
        "prev":"card_prev_60",
        "post":"card_post_60",
        "desc":"card_desc_60"
    },
    {
        "color":"yellow",
        "card":"61",
        "deck":"1",
        "name":"card_name_61",
        "prev":"card_prev_61",
        "post":"card_post_61",
        "desc":"card_desc_61"
    },
    {
        "color":"yellow",
        "card":"62",
        "deck":"1",
        "name":"card_name_62",
        "prev":"card_prev_62",
        "post":"card_post_62",
        "desc":"card_desc_62"
    },
    {
        "color":"yellow",
        "card":"63",
        "deck":"1",
        "name":"card_name_63",
        "prev":"card_prev_63",
        "post":"card_post_63",
        "desc":"card_desc_63"
    },
    {
        "color":"yellow",
        "card":"64",
        "deck":"1",
        "name":"card_name_64",
        "prev":"card_prev_64",
        "post":"card_post_64",
        "desc":"card_desc_64"
    },
    {
        "color":"yellow",
        "card":"65",
        "deck":"1",
        "name":"card_name_65",
        "prev":"card_prev_65",
        "post":"card_post_65",
        "desc":"card_desc_65"
    },
    {
        "color":"yellow",
        "card":"66",
        "deck":"1",
        "name":"card_name_66",
        "prev":"card_prev_66",
        "post":"card_post_66",
        "desc":"card_desc_66"
    },
    {
        "color":"yellow",
        "card":"67",
        "deck":"1",
        "name":"card_name_67",
        "prev":"card_prev_67",
        "post":"card_post_67",
        "desc":"card_desc_67"
    },
    {
        "color":"yellow",
        "card":"68",
        "deck":"1",
        "name":"card_name_68",
        "prev":"card_prev_68",
        "post":"card_post_68",
        "desc":"card_desc_68"
    },
    {
        "color":"yellow",
        "card":"69",
        "deck":"1",
        "name":"card_name_69",
        "prev":"card_prev_69",
        "post":"card_post_69",
        "desc":"card_desc_69"
    },
    {
        "color":"yellow",
        "card":"70",
        "deck":"1",
        "name":"card_name_70",
        "prev":"card_prev_70",
        "post":"card_post_70",
        "desc":"card_desc_70"
    }
]

