[
    {
        "text": "filters_q1",
        "options": [
            {
                "text": "filters_q1_op1",
                "cards": [1, 2, 4, 5, 6, 7, 8, 9, 10, 11, 13, 14, 15, 16, 17, 18, 21, 22, 23, 24, 25, 26, 27, 28, 29, 30, 31, 32, 33, 34, 35, 36, 37, 39, 40, 43, 45, 46, 47, 48, 49, 50, 51, 52, 53, 54, 55, 56, 57, 58, 59, 60, 61, 62, 63, 64, 65, 66, 67, 69, 70, 71]
            },
            {
                "text": "filters_q1_op2",
                "cards": [1, 2, 3, 5, 10, 11, 12, 13, 14, 15, 16, 19, 20, 21, 22, 23, 24, 25, 26, 28, 30, 31, 32, 34, 35, 36, 37, 38, 39, 41, 42, 43, 44, 45, 46, 50, 51, 52, 53, 54, 55, 56, 57, 58, 61, 62, 63, 64, 65, 66, 67, 68, 69, 71]
            }
        ]
    },
    {
        "text": "filters_q2",
        "options": [
            {
                "text": "filters_q2_op1",
                "cards": [1, 2, 3, 4, 5, 6, 7, 8, 9, 10, 11, 12, 13, 14, 15, 16, 18, 22, 23, 24, 27, 29, 30, 32, 33, 34, 35, 36, 37, 38, 39, 40, 41, 42, 43, 44, 45, 46, 47, 48, 49, 53, 54, 55, 56, 57, 58, 59, 60, 61, 62, 63, 64, 65, 66, 67, 69, 70, 71]
            },
            {
                "text": "filters_q2_op2",
                "cards": [1, 2, 5, 6, 7, 9, 10, 12, 13, 14, 15, 17, 19, 20, 21, 24, 25, 26, 28, 29, 30, 31, 32, 34, 35, 36, 37, 38, 39, 42, 43, 45, 46, 47, 48, 49, 50, 51, 52, 53, 57, 58, 60, 61, 62, 63, 64, 65, 66, 67, 68, 71]
            }
        ]
    },
    {
        "text": "filters_q3",
        "options": [
            {
                "text": "filters_q3_op1",
                "cards": [1, 2, 6, 7, 8, 9, 10, 12, 13, 15, 17, 19, 20, 21, 22, 23, 24, 25, 26, 27, 30, 31, 35, 36, 37, 38, 40, 41, 43, 44, 45, 46, 48, 49, 50, 51, 52, 53, 55, 56, 57, 58, 61, 62, 63, 64, 65, 66, 67, 68, 69, 71]
            },
            {
                "text": "filters_q3_op2",
                "cards": [1, 2, 3, 4, 5, 6, 7, 8, 11, 12, 13, 14, 15, 16, 18, 19, 20, 21, 22, 24, 25, 26, 27, 30, 35, 36, 37, 38, 39, 41, 42, 43, 44, 47, 48, 49, 52, 53, 54, 55, 56, 57, 59, 60, 64, 66, 67, 68, 69, 70, 71]
            },
            {
                "text": "filters_q3_op3",
                "cards": [1, 2, 3, 4, 5, 6, 7, 10, 11, 12, 13, 14, 15, 17, 19, 20, 21, 22, 24, 25, 26, 27, 28, 30, 31, 35, 36, 37, 38, 39, 43, 44, 45, 46, 47, 48, 49, 52, 53, 54, 55, 58, 61, 62, 64, 66, 67, 68, 69, 71]
            },
            {
                "text": "filters_q3_op4",
                "cards": [1, 2, 3, 4, 5, 6, 7, 8, 9, 11, 12, 13, 14, 15, 16, 18, 19, 20, 21, 22, 24, 25, 26, 27, 28, 30, 31, 35, 36, 37, 38, 39, 40, 41, 42, 43, 44, 45, 46, 47, 48, 49, 53, 54, 55, 56, 57, 58, 59, 60, 61, 62, 64, 66, 67, 69, 70]
            },
            {
                "text": "filters_q3_op5",
                "cards": [3, 4, 5, 6, 7, 8, 9, 11, 12, 13, 14, 15, 18, 19, 20, 21, 22, 23, 24, 26, 27, 30, 31, 35, 38, 41, 42, 46, 47, 49, 52, 56, 57, 58, 63, 64, 66, 67, 68, 71]
            },
            {
                "text": "filters_q3_op6",
                "cards": [3, 4, 5, 6, 10, 11, 12, 13, 14, 18, 20, 21, 22, 23, 27, 29, 30, 32, 33, 34, 36, 37, 38, 41, 42, 44, 46, 47, 48, 49, 55, 56, 57, 59, 60, 64, 65, 66, 67, 69, 71]
            },
            {
                "text": "filters_q3_op7",
                "cards": [1, 2, 6, 7, 8, 9, 10, 12, 13, 14, 16, 17, 19, 20, 21, 22, 23, 24, 26, 27, 29, 30, 31, 32, 33, 34, 35, 36, 37, 38, 41, 43, 45, 46, 50, 51, 52, 56, 57, 58, 61, 62, 63, 64, 65, 67, 69, 71]
            },
            {
                "text": "filters_q3_op8",
                "cards": [1, 2, 3, 4, 5, 6, 7, 8, 11, 12, 13, 14, 15, 18, 19, 20, 21, 22, 23, 24, 25, 26, 27, 30, 35, 36, 37, 38, 40, 41, 43, 45, 46, 49, 50, 51, 52, 53, 56, 58, 59, 61, 62, 64, 66, 67, 68, 69, 70]
            },
            {
                "text": "filters_q3_op9",
                "cards": [1, 2, 3, 4, 5, 6, 7, 10, 11, 12, 13, 14, 15, 17, 18, 20, 22, 24, 25, 26, 27, 28, 29, 30, 35, 37, 38, 39, 40, 42, 43, 45, 46, 47, 49, 52, 53, 54, 56, 57, 58, 64, 66, 71]
            },
            {
                "text": "filters_q3_op10",
                "cards": [1, 2, 3, 4, 6, 7, 12, 13, 14, 15, 16, 18, 20, 21, 22, 25, 26, 28, 29, 30, 32, 33, 34, 35, 36, 37, 38, 41, 46, 52, 53, 56, 57, 58, 59, 64, 65, 66, 67, 68, 69, 71]
            },
            {
                "text": "filters_q3_op11",
                "cards": [1, 2, 6, 7, 9, 10, 13, 19, 20, 21, 24, 25, 26, 27, 28, 29, 30, 31, 34, 35, 36, 37, 38, 43, 46, 47, 48, 49, 52, 53, 57, 58, 62, 63, 64, 65, 66, 68, 69, 71]
            }
        ]
    },
    {
        "text": "filters_q4",
        "options": [
            {
                "text": "filters_q4_op1",
                "cards": [1, 2, 3, 5, 8, 12, 13, 14, 17, 18, 20, 21, 22, 28, 35, 36, 37, 40, 41, 42, 43, 45, 46, 47, 48, 50, 51, 54, 55, 56, 58, 61, 62, 64, 65, 66, 67, 69, 71]
            },
            {
                "text": "filters_q4_op2",
                "cards": [1, 4, 6, 7, 9, 10, 11, 12, 14, 15, 16, 18, 20, 21, 23, 25, 27, 28, 30, 32, 33, 34, 36, 37, 40, 42, 43, 46, 48, 49, 50, 51, 53, 54, 55, 56, 57, 61, 62, 63, 64, 65, 66, 67, 69, 71]
            },
            {
                "text": "filters_q4_op3",
                "cards": [4, 7, 9, 10, 11, 14, 15, 16, 19, 20, 21, 23, 24, 25, 26, 27, 29, 30, 31, 32, 33, 34, 37, 38, 39, 43, 44, 49, 52, 53, 59, 60, 63, 65, 66, 68, 70, 71]
            }
        ]
    }
]